Job Title,Salary Estimate,Location,min_salary,max_salary,avg_salary,,,,,,,,,
Data Scientist,$53K-$91K ,"Albuquerque, NM",53,91,72,,,,,,,,,
Healthcare Data Scientist,$63K-$112K ,"Linthicum, MD",63,112,87.5,,,,,,,,,
Data Scientist,$80K-$90K ,"Clearwater, FL",80,90,85,,,,,,,,,
Data Scientist,$56K-$97K ,"Richland, WA",56,97,76.5,,,,,,,,,
Data Scientist,$86K-$143K ,"New York, NY",86,143,114.5,,,,,,,,,
Data Scientist,$71K-$119K ,"Dallas, TX",71,119,95,,,,,,,,,
Data Scientist,$54K-$93K ,"Baltimore, MD",54,93,73.5,,,,,,,,,
Data Scientist,$86K-$142K ,"San Jose, CA",86,142,114,,,,,,,,,
Research Scientist,$38K-$84K ,"Rochester, NY",38,84,61,,,,,,,,,
Data Scientist,$120K-$160K ,"New York, NY",120,160,140,,,,,,,,,
Data Scientist,$126K-$201K ,"San Jose, CA",126,201,163.5,,,,,,,,,
Data Scientist,$64K-$106K ,"Chantilly, VA",64,106,85,,,,,,,,,
Staff Data Scientist - Technology,$106K-$172K ,"Plano, TX",106,172,139,,,,,,,,,
Data Analyst,$46K-$85K ,"Seattle, WA",46,85,65.5,,,,,,,,,
Data Scientist,$83K-$144K ,"Cambridge, MA",83,144,113.5,,,,,,,,,
Data Engineer I,$102K-$190K ,"Newark, NJ",102,190,146,,,,,,,,,
"Scientist I/II, Biology",$67K-$137K,"Cambridge, MA",67,137,102,,,,,,,,,
Customer Data Scientist,$118K-$189K ,"Mountain View, CA",118,189,153.5,,,,,,,,,
Data Scientist - Health Data Analytics,$110K-$175K ,"San Francisco, CA",110,175,142.5,,,,,,,,,
Data Scientist,$64K-$111K ,"Denver, CO",64,111,87.5,,,,,,,,,
Data Scientist,$81K-$130K ,"Seattle, WA",81,130,105.5,,,,,,,,,
Senior Data Scientist / Machine Learning,$73K-$119K ,"Dallas, TX",73,119,96,,,,,,,,,
Data Scientist - Quantitative,$86K-$139K ,"Chicago, IL",86,139,112.5,,,,,,,,,
Data Scientist,$63K-$105K ,"Louisville, KY",63,105,84,,,,,,,,,
Data Scientist,$109K-$177K,"Herndon, VA",109,177,143,,,,,,,,,
Digital Health Data Scientist,$63K-$110K ,"Cambridge, MA",63,110,86.5,,,,,,,,,
Data Scientist,$75K-$124K ,"Hillsboro, OR",75,124,99.5,,,,,,,,,
Associate Data Analyst,$34K-$61K ,"Worcester, MA",34,61,47.5,,,,,,,,,
Clinical Data Scientist,$63K-$105K ,"Groton, CT",63,105,84,,,,,,,,,
Data Scientist,$80K-$90K,"Clearwater, FL",80,90,85,,,,,,,,,
Data Scientist,$56K-$97K ,"Richland, WA",56,97,76.5,,,,,,,,,
Data Scientist,$72K-$120K ,"Detroit, MI",72,120,96,,,,,,,,,
Data Scientist / Machine Learning Expert,$86K-$143K ,"Cambridge, MA",86,143,114.5,,,,,,,,,
Data Scientist,$93K-$149K ,"Sunnyvale, CA",93,149,121,,,,,,,,,
Data Scientist,$85K-$140K ,"Ipswich, MA",85,140,112.5,,,,,,,,,
Web Data Analyst,$77K-$135K ,"San Jose, CA",77,135,106,,,,,,,,,
Data Scientist,$82K-$132K ,"Redlands, CA",82,132,107,,,,,,,,,
Data Scientist,$83K-$137K ,"Woburn, MA",83,137,110,,,,,,,,,
Senior Data Scientist,$115K-$180K ,"Fremont, CA",115,180,147.5,,,,,,,,,
Data Engineer,$74K-$138K ,"Long Beach, NY",74,138,106,,,,,,,,,
Data Analyst,$64K-$112K ,"San Francisco, CA",64,112,88,,,,,,,,,
Data Engineer,$68K-$129K ,"Marlborough, MA",68,129,98.5,,,,,,,,,
Data Scientist - Algorithms & Inference,$110K-$175K ,"San Francisco, CA",110,175,142.5,,,,,,,,,
Scientist,$52K-$113K,"Allendale, NJ",52,113,82.5,,,,,,,,,
Senior Data Scientist,$110K-$150K,"Chicago, IL",110,150,130,,,,,,,,,
Data Scientist,$150K-$160,"Washington, DC",150,160,155,,,,,,,,,
Lead Data Scientist,$158K-$211K ,"Bellevue, WA",158,211,184.5,,,,,,,,,
Associate Data Analyst,$20K-$39K ,"Longmont, CO",20,39,29.5,,,,,,,,,
Spectral Scientist/Engineer,$56K-$117K ,"Beavercreek, OH",56,117,86.5,,,,,,,,,
College Hire - Data Scientist ,$63K-$99K  ,"Peoria, IL",63,99,81,,,,,,,,,
Data Scientist,$68K-$114K  ,"Fort Lauderdale, FL",68,114,91,,,,,,,,,
Data Scientist,$86K-$143K  ,"Boston, MA",86,143,114.5,,,,,,,,,
Data Science Analyst,$41K-$95K  ,"Huntsville, AL",41,95,68,,,,,,,,,
Data Scientist,$86K-$144K  ,"Armonk, NY",86,144,115,,,,,,,,,
Data Scientist,$80K-$139K  ,"San Diego, CA",80,139,109.5,,,,,,,,,
Data Scientist,$56K-$95K  ,"Albuquerque, NM",56,95,75.5,,,,,,,,,
Data Scientist,$120K-$189K  ,"San Francisco, CA",120,189,154.5,,,,,,,,,
Data Scientist,$111K-$176K  ,"Saint Louis, MO",111,176,143.5,,,,,,,,,
Data Scientist,$54K-$93K  ,"Baltimore, MD",54,93,73.5,,,,,,,,,
Data Scientist,$71K-$119K  ,"Dallas, TX",71,119,95,,,,,,,,,
Senior Data Scientist,$82K-$132K  ,"Cincinnati, OH",82,132,107,,,,,,,,,
Data Scientist,$84K-$146K  ,"New York, NY",84,146,115,,,,,,,,,
Senior Risk Data Scientist,$107K-$172K  ,"Palo Alto, CA",107,172,139.5,,,,,,,,,
Data Scientist ,$49K-$85K  ,"Richland, WA",49,85,67,,,,,,,,,
Data Scientist,$61K-$109K  ,"Coraopolis, PA",61,109,85,,,,,,,,,
Data Scientist,$88K-$148K  ,"Framingham, MA",88,148,118,,,,,,,,,
Data Scientist,$60K-$99K  ,"Atlanta, GA",60,99,79.5,,,,,,,,,
Data Scientist ,$41K-$72K  ,"Boston, MA",41,72,56.5,,,,,,,,,
Data Scientist,$96K-$161K  ,"Philadelphia, PA",96,161,128.5,,,,,,,,,
R&D Data Analysis Scientist,$65K-$130K  ,"Vancouver, WA",65,130,97.5,,,,,,,,,
Analytics Consultant,$52K-$81K  ,"Indianapolis, IN",52,81,66.5,,,,,,,,,
"Director, Data Science",$139K-$220K  ,"Lake Forest, IL",139,220,179.5,,,,,,,,,
Scientist,$50K-$102K  ,"Maryland Heights, MO",50,102,76,,,,,,,,,
Data Scientist SR,$85K-$139K  ,"Charlottesville, VA",85,139,112,,,,,,,,,
Data Scientist,$74K-$122K  ,"Pittsburgh, PA",74,122,98,,,,,,,,,
R&D Sr Data Scientist,$99K-$157K  ,"Vancouver, WA",99,157,128,,,,,,,,,
Customer Data Scientist/Sales Engineer ,$79K-$222K  ,"Mountain View, CA",79,222,150.5,,,,,,,,,
Research Scientist,$57K-$118K  ,"Cambridge, MA",57,118,87.5,,,,,,,,,
Data Scientist,$83K-$137K  ,"Chantilly, VA",83,137,110,,,,,,,,,
Data Scientist,$86K-$141K  ,"San Jose, CA",86,141,113.5,,,,,,,,,
Data Scientist,$94K-$154K  ,"San Francisco, CA",94,154,124,,,,,,,,,
Jr. Business Data Analyst,$37K-$76K  ,"Harrisburg, PA",37,76,56.5,,,,,,,,,
Data Scientist,$100K-$160K  ,"Laurel, MD",100,160,130,,,,,,,,,
Data Analyst,$55K-$100K  ,"Chicago, IL",55,100,77.5,,,,,,,,,
Data Engineer,$60K-$114K  ,"Arlington, VA",60,114,87,,,,,,,,,
Data Analyst,$39K-$68K  ,"Tacoma, WA",39,68,53.5,,,,,,,,,
Staff Data Scientist - Technology,$106K-$172K  ,"Plano, TX",106,172,139,,,,,,,,,
Data Scientist,$86K-$142K  ,"San Jose, CA",86,142,114,,,,,,,,,
Data Scientist,$64K-$107K  ,"Miami, FL",64,107,85.5,,,,,,,,,
Data Management Specialist,$31K-$65K  ,"Huntsville, AL",31,65,48,,,,,,,,,
E-Commerce Data Analyst,$34K-$62K  ,"New Orleans, LA",34,62,48,,,,,,,,,
Sr. Scientist II,$117K-$231K  ,"San Francisco, CA",117,231,174,,,,,,,,,
Insurance Data Scientist,$64K-$106K  ,"Atlanta, GA",64,106,85,,,,,,,,,
Data Modeler,$79K-$134K  ,"Landover, MD",79,134,106.5,,,,,,,,,
Data Analyst / Scientist,$52K-$93K  ,"Patuxent River, MD",52,93,72.5,,,,,,,,,
Scientist,$55K-$116K  ,"Suitland, MD",55,116,85.5,,,,,,,,,
Data Scientist,$72K-$123K  ,"McLean, VA",72,123,97.5,,,,,,,,,
Data Scientist,$74K-$124K  ,"Fort Belvoir, VA",74,124,99,,,,,,,,,
Data Analyst,$40K-$73K  ,"Milwaukee, WI",40,73,56.5,,,,,,,,,
Lead Data Scientist,$102K-$164K  ,"Silver Spring, MD",102,164,133,,,,,,,,,
Data Scientist,$89K-$153K  ,"New York, NY",89,153,121,,,,,,,,,
Data Scientist,$61K-$110K  ,"Syracuse, NY",61,110,85.5,,,,,,,,,
Data Scientist,$65K-$110K  ,"Houston, TX",65,110,87.5,,,,,,,,,
Senior Data Scientist,$200K-$275K ,"Washington, DC",200,275,237.5,,,,,,,,,
Data Engineer,$68K-$123K  ,"Charlotte, NC",68,123,95.5,,,,,,,,,
Senior Data Scientist,$80K-$129K  ,"Southfield, MI",80,129,104.5,,,,,,,,,
Financial Data Analyst,$41K-$72K  ,"Matawan, NJ",41,72,56.5,,,,,,,,,
Senior Data Analyst,$39K-$71K  ,"Phoenix, AZ",39,71,55,,,,,,,,,
Research Scientist,$38K-$85K  ,"Omaha, NE",38,85,61.5,,,,,,,,,
Data Scientist,$121K-$193K  ,"San Francisco, CA",121,193,157,,,,,,,,,
Data Engineer,$54K-$102K  ,"Lyndhurst, NJ",54,102,78,,,,,,,,,
Data Scientist,$83K-$144K  ,"Cambridge, MA",83,144,113.5,,,,,,,,,
Data Scientist,$120K-$160K  ,"New York, NY",120,160,140,,,,,,,,,
Data Scientist,$102K-$163K  ,"San Francisco, CA",102,163,132.5,,,,,,,,,
Data Engineer,$76K-$140K  ,"San Francisco, CA",76,140,108,,,,,,,,,
Ag Data Scientist,$60K-$101K  ,"Atlanta, IN",60,101,80.5,,,,,,,,,
Data Scientist,$82K-$133K  ,"Rockville, MD",82,133,107.5,,,,,,,,,
Data Engineer,$65K-$125K  ,"Minneapolis, MN",65,125,95,,,,,,,,,
Data Scientist ,$91K-$148K  ,"Los Angeles, CA",91,148,119.5,,,,,,,,,
Senior Data Engineer,$95K-$173K  ,"Charlotte, NC",95,173,134,,,,,,,,,
Data Scientist,$77K-$124K  ,"Cambridge, MA",77,124,100.5,,,,,,,,,
Data Scientist,$80K-$135K  ,"Cincinnati, OH",80,135,107.5,,,,,,,,,
Data Engineer,$85K-$159K  ,"Washington, DC",85,159,122,,,,,,,,,
Data Engineer,$80K-$105K ,"Chicago, IL",80,105,92.5,,,,,,,,,
Data Analyst,$43K-$81K  ,"Baltimore, MD",43,81,62,,,,,,,,,
Project Scientist,$29K-$50K  ,"Alabaster, AL",29,50,39.5,,,,,,,,,
Data Scientist,$82K-$133K  ,"Santa Fe Springs, Los Angeles, CA",82,133,107.5,,,,,,,,,
Data Analytics Manager,$26K-$55K  ,"Kansas City, MO",26,55,40.5,,,,,,,,,
Senior Machine Learning (ML) Engineer / Data Scientist - Cyber Security Analytics,$61K-$118K  ,"Ashburn, VA",61,118,89.5,,,,,,,,,
Data Scientist,$60K-$102K  ,"Chicago, IL",60,102,81,,,,,,,,,
Senior Data Scientist,$112K-$182K  ,"Herndon, VA",112,182,147,,,,,,,,,
Data Scientist,$64K-$106K  ,"Fort Worth, TX",64,106,85,,,,,,,,,
Associate Scientist,$51K-$112K  ,"Valencia, CA",51,112,81.5,,,,,,,,,
Scientist ,$113K-$223K  ,"Novato, CA",113,223,168,,,,,,,,,
Machine Learning Engineer,$72K-$129K  ,"Aurora, CO",72,129,100.5,,,,,,,,,
Data Scientist/ML Engineer,$71K-$123K  ,"New York, NY",71,123,97,,,,,,,,,
Data Scientist,$64K-$106K  ,"Chantilly, VA",64,106,85,,,,,,,,,
Customer Data Scientist,$118K-$189K  ,"Mountain View, CA",118,189,153.5,,,,,,,,,
Data Engineer,$120K-$145K,"Tampa, FL",120,145,132.5,,,,,,,,,
Data Engineer,$80K-$120K  ,"Chicago, IL",80,120,100,,,,,,,,,
Sr. Data Scientist,$80K-$130K  ,"Denver, CO",80,130,105,,,,,,,,,
Data Engineer ,$59K-$115K  ,"Riverton, UT",59,115,87,,,,,,,,,
Data Analyst - Asset Management,$71K-$136K  ,"San Francisco, CA",71,136,103.5,,,,,,,,,
Senior Research Scientist - Embedded System Development for DevOps,$81K-$167K  ,"Pittsburgh, PA",81,167,124,,,,,,,,,
Data Scientist - Bioinformatics,$49K-$85K  ,"Richland, WA",49,85,67,,,,,,,,,
Data Engineer,$60K-$114K  ,"Washington, DC",60,114,87,,,,,,,,,
Customer Data Scientist/Sales Engineer,$71K-$204K  ,"Chicago, IL",71,204,137.5,,,,,,,,,
Lead Data Scientist,$75K-$125K  ,"Cincinnati, OH",75,125,100,,,,,,,,,
MongoDB Data Engineer II,$77K-$136K  ,"Chattanooga, TN",77,136,106.5,,,,,,,,,
Senior Data Scientist Statistics,$74K-$123K  ,"Richland, WA",74,123,98.5,,,,,,,,,
Senior Data Analyst,$44K-$78K  ,"Clearwater, FL",44,78,61,,,,,,,,,
Senior Spark Engineer (Data Science),$65K-$148K  ,"Indianapolis, IN",65,148,106.5,,,,,,,,,
Data Engineer,$59K-$110K  ,"Cambridge, MA",59,110,84.5,,,,,,,,,
BI & Platform Analytics Manager,$85K-$134K  ,"Ewing, NJ",85,134,109.5,,,,,,,,,
Lead Data Scientist,$124K-$204K  ,"Boston, MA",124,204,164,,,,,,,,,
"Sr. Data Scientist - Analytics, Personalized Healthcare ",$131K-$207K  ,"South San Francisco, CA",131,207,169,,,,,,,,,
Senior Data Scientist,$110K-$174K  ,"Cupertino, CA",110,174,142,,,,,,,,,
Pricipal Scientist Molecular and cellular biologist,$52K-$101K  ,"Boston, MA",52,101,76.5,,,,,,,,,
Data Scientist ,$81K-$133K  ,"Frederick, MD",81,133,107,,,,,,,,,
Staff Data Scientist,$132K-$211K  ,"San Jose, CA",132,211,171.5,,,,,,,,,
Senior Data Scientist / Machine Learning,$73K-$119K  ,"Dallas, TX",73,119,96,,,,,,,,,
Data Scientist - Health Data Analytics,$110K-$175K  ,"San Francisco, CA",110,175,142.5,,,,,,,,,
Data Engineer 5 - Contract ,$74K-$140K  ,"Riverton, UT",74,140,107,,,,,,,,,
Senior Scientist - Neuroscience,$100K-$190K  ,"Marlborough, MA",100,190,145,,,,,,,,,
Senior Data Analyst,$43K-$80K  ,"Herndon, VA",43,80,61.5,,,,,,,,,
Medical Lab Scientist,$17-$24 ,"West Reading, PA",17,24,20.5,,,,,,,,,
"Risk and Analytics IT, Data Scientist",$91K-$149K  ,"Madison, WI",91,149,120,,,,,,,,,
"Scientist, Analytical Development",$42K-$82K  ,"Cambridge, MA",42,82,62,,,,,,,,,
Senior Data Scientist,$116K-$185K  ,"San Francisco, CA",116,185,150.5,,,,,,,,,
Analytics Manager,$59K-$116K  ,"Dearborn, MI",59,116,87.5,,,,,,,,,
Data Engineer,$48K-$95K  ,"Winter Park, FL",48,95,71.5,,,,,,,,,
Digital Marketing & ECommerce Data Analyst,$31K-$72K  ,"San Rafael, CA",31,72,51.5,,,,,,,,,
Sr. Scientist - Digital & Image Analysis/Computational Pathology,$105K-$198K  ,"San Diego, CA",105,198,151.5,,,,,,,,,
Senior Data Analyst,$55K-$100K  ,"Hamilton, NJ",55,100,77.5,,,,,,,,,
Principal Scientist - Immunologist,$98K-$182K  ,"Boston, MA",98,182,140,,,,,,,,,
Senior Data Scientist,$73K-$124K  ,"Woodbridge, NJ",73,124,98.5,,,,,,,,,
Principal Data Scientist ,$200K-$250K,"San Francisco, CA",200,250,225,,,,,,,,,
MED TECH/LAB SCIENTIST - LABORATORY,$21-$34   ,"Lewes, DE",21,34,27.5,,,,,,,,,
Sr. Scientist,$117K-$206K  ,"Boston, MA",117,206,161.5,,,,,,,,,
Sr. Data Scientist II,$111K-$183K  ,"New York, NY",111,183,147,,,,,,,,,
Excel / VBA / SQL Data Analyst,$44K-$78K  ,"Springfield, MO",44,78,61,,,,,,,,,
Machine Learning Research Scientist,$81K-$159K  ,"Pittsburgh, PA",81,159,120,,,,,,,,,
"VP, Data Science",$83K-$166K  ,"Phoenix, AZ",83,166,124.5,,,,,,,,,
Senior Data Scientist,$114K-$182K  ,"Burbank, CA",114,182,148,,,,,,,,,
Radar Data Analyst,$42K-$76K  ,"Huntsville, AL",42,76,59,,,,,,,,,
PL Actuarial-Lead Data Scientist,$114K-$179K  ,"Worcester, MA",114,179,146.5,,,,,,,,,
PV Scientist,$60K-$123K  ,"Newton, MA",60,123,91.5,,,,,,,,,
Senior Data & Machine Learning Scientist,$100K-$166K  ,"Chicago, IL",100,166,133,,,,,,,,,
Principal Data Scientist (Computational Chemistry),$108K-$173K  ,"Salt Lake City, UT",108,173,140.5,,,,,,,,,
Data Engineer,$48K-$93K  ,"Lafayette, LA",48,93,70.5,,,,,,,,,
"Principal Scientist, Chemistry & Immunology",$54K-$115K  ,"Rochester, NY",54,115,84.5,,,,,,,,,
Software Engineer - Data Visualization,$60K-$127K  ,"Annapolis Junction, MD",60,127,93.5,,,,,,,,,
"Scientist/Senior Scientist, Autoimmune",$90K-$179K  ,"Cambridge, MA",90,179,134.5,,,,,,,,,
Staff Machine Learning Engineer,$138K-$224K  ,"San Francisco, CA",138,224,181,,,,,,,,,
"Principal Scientist, Hematology",$54K-$115K  ,"Rochester, NY",54,115,84.5,,,,,,,,,
Lead Data Engineer,$190K-$220K,"Mountain View, CA",190,220,205,,,,,,,,,
Marketing Data Analyst,$35K-$62K  ,"Highland, CA",35,62,48.5,,,,,,,,,
Medical Laboratory Scientist,$18-$25   ,"Burleson, TX",18,25,21.5,,,,,,,,,
R&D Specialist/ Food Scientist,$39K-$66K  ,"Hoopeston, IL",39,66,52.5,,,,,,,,,
Senior Research Scientist-Machine Learning,$81K-$167K  ,"Pittsburgh, PA",81,167,124,,,,,,,,,
Analytics Manager - Data Mart,$42K-$86K  ,"Scotts Valley, CA",42,86,64,,,,,,,,,
Sr. Data Engineer - Contract-to-Hire (Java),$69K-$127K  ,"Knoxville, TN",69,127,98,,,,,,,,,
MED TECH/LAB SCIENTIST- SOUTH COASTAL LAB,$21-$34   ,"Millville, DE",21,34,27.5,,,,,,,,,
Food Scientist - Developer,$40K-$68K  ,"Milwaukee, WI",40,68,54,,,,,,,,,
Staff Scientist-Downstream Process Development,$49K-$113K  ,"Rockville, MD",49,113,81,,,,,,,,,
Sr. Data Engineer,$75K-$140K  ,"Chicago, IL",75,140,107.5,,,,,,,,,
Data Scientist - Quantitative,$86K-$139K  ,"Chicago, IL",86,139,112.5,,,,,,,,,
Data Scientist,$66K-$112K  ,"Herndon, VA",66,112,89,,,,,,,,,
Senior Research Statistician- Data Scientist,$76K-$125K  ,"Sheboygan, WI",76,125,100.5,,,,,,,,,
"Business Data Analyst, SQL",$44K-$86K  ,"New York, NY",44,86,65,,,,,,,,,
Medical Technologist / Clinical Laboratory Scientist,$15-$25   ,"New Orleans, LA",15,25,20,,,,,,,,,
Data Scientist,$53K-$92K  ,"Dallas, TX",53,92,72.5,,,,,,,,,
Senior Data Analyst,$44K-$78K  ,"Clearwater, FL",44,78,61,,,,,,,,,
BI & Platform Analytics Manager,$85K-$134K  ,"Ewing, NJ",85,134,109.5,,,,,,,,,
Data Engineer,$59K-$110K  ,"Cambridge, MA",59,110,84.5,,,,,,,,,
Data Scientist,$64K-$111K  ,"Chicago, IL",64,111,87.5,,,,,,,,,
Data Analyst,$65K-$120K  ,"San Mateo, CA",65,120,92.5,,,,,,,,,
Associate Data Scientist/Computer Scientist,$60K-$103K  ,"McLean, VA",60,103,81.5,,,,,,,,,
Business Intelligence Analyst / Developer,$53K-$105K  ,"Dayton, OH",53,105,79,,,,,,,,,
Lead Data Scientist,$124K-$204K  ,"Boston, MA",124,204,164,,,,,,,,,
"Sr. Data Scientist - Analytics, Personalized Healthcare (PHC)",$131K-$207K  ,"South San Francisco, CA",131,207,169,,,,,,,,,
Senior Data Scientist,$110K-$174K  ,"Cupertino, CA",110,174,142,,,,,,,,,
Data Analyst,$33K-$62K  ,"Parlier, CA",33,62,47.5,,,,,,,,,
Pricipal Scientist Molecular and cellular biologist,$52K-$101K  ,"Boston, MA",52,101,76.5,,,,,,,,,
Data Analyst,$48K-$90K  ,"San Francisco, CA",48,90,69,,,,,,,,,
Data Analyst,$34K-$64K  ,"Meridian, ID",34,64,49,,,,,,,,,
Staff Data Scientist,$132K-$211K  ,"San Jose, CA",132,211,171.5,,,,,,,,,
"Data Scientist (Actuary, FSA or ASA)",$81K-$133K  ,"Frederick, MD",81,133,107,,,,,,,,,
System and Data Analyst,$42K-$76K  ,"Cherry Hill, NJ",42,76,59,,,,,,,,,
Data Scientist,$66K-$111K  ,"Indianapolis, IN",66,111,88.5,,,,,,,,,
Data Engineer 5 - Contract ,$74K-$140K  ,"Riverton, UT",74,140,107,,,,,,,,,
Digital Health Data Scientist,$63K-$110K  ,"Cambridge, MA",63,110,86.5,,,,,,,,,
Data Scientist,$63K-$105K  ,"Louisville, KY",63,105,84,,,,,,,,,
Data & Analytics Consultant ,$91K-$138K  ,"New York, NY",91,138,114.5,,,,,,,,,
Senior Scientist - Neuroscience,$100K-$190K  ,"Marlborough, MA",100,190,145,,,,,,,,,
Data Engineer,$62K-$114K  ,"Nashville, TN",62,114,88,,,,,,,,,
Big Data Engineer ,$71K-$129K  ,"Chicago, IL",71,129,100,,,,,,,,,
Senior Data Analyst,$43K-$80K  ,"Herndon, VA",43,80,61.5,,,,,,,,,
Data Scientist,$74K-$119K  ,"Portland, OR",74,119,96.5,,,,,,,,,
Survey Data Analyst,$55K-$97K  ,"Minneapolis, MN",55,97,76,,,,,,,,,
Data Scientist,$15K-$16K ,"Port Washington, NY",15,16,15.5,,,,,,,,,
Data Scientist,$61K-$106K  ,"Austin, TX",61,106,83.5,,,,,,,,,
"Risk and Analytics IT, Data Scientist",$91K-$149K  ,"Madison, WI",91,149,120,,,,,,,,,
Data Scientist,$127K-$199K  ,"South San Francisco, CA",127,199,163,,,,,,,,,
Lead Health Data Analyst ,$74K-$126K  ,"Providence, RI",74,126,100,,,,,,,,,
Research Scientist,$33K-$72K  ,"Omaha, NE",33,72,52.5,,,,,,,,,
Medical Lab Scientist,$17-$24   ,"West Reading, PA",17,24,20.5,,,,,,,,,
Junior Data Analyst,$37K-$63K  ,"Washington, DC",37,63,50,,,,,,,,,
SQL Data Engineer,$67K-$119K  ,"Austin, TX",67,119,93,,,,,,,,,
Data Scientist,$72K-$117K  ,"Cincinnati, OH",72,117,94.5,,,,,,,,,
Senior Data Scientist,$116K-$185K  ,"San Francisco, CA",116,185,150.5,,,,,,,,,
Data Scientist,$78K-$126K  ,"Raleigh, NC",78,126,102,,,,,,,,,
"Scientist, Analytical Development",$42K-$82K  ,"Cambridge, MA",42,82,62,,,,,,,,,
Analytics Manager,$59K-$116K  ,"Dearborn, MI",59,116,87.5,,,,,,,,,
Clinical Data Scientist,$63K-$105K  ,"Groton, CT",63,105,84,,,,,,,,,
Data Scientist,$109K-$177K  ,"Herndon, VA",109,177,143,,,,,,,,,
Sr. Data Scientist,$116K-$194K  ,"Phila, PA",116,194,155,,,,,,,,,
Data Engineer,$48K-$95K  ,"Winter Park, FL",48,95,71.5,,,,,,,,,
Data Scientist,$83K-$133K  ,"Oakland, CA",83,133,108,,,,,,,,,
Sr. Scientist - Digital & Image Analysis/Computational Pathology,$105K-$198K  ,"San Diego, CA",105,198,151.5,,,,,,,,,
Digital Marketing & ECommerce Data Analyst,$31K-$72K  ,"San Rafael, CA",31,72,51.5,,,,,,,,,
Principal Scientist - Immunologist,$98K-$182K  ,"Boston, MA",98,182,140,,,,,,,,,
Senior Data Analyst,$55K-$100K  ,"Hamilton, NJ",55,100,77.5,,,,,,,,,
Insurance Financial Data Analyst,$45K-$82K  ,"Boise, ID",45,82,63.5,,,,,,,,,
Data Scientist,$83K-$135K  ,"San Francisco, CA",83,135,109,,,,,,,,,
Data Scientist,$70K-$122K  ,"Oak Ridge, TN",70,122,96,,,,,,,,,
Principal Data Scientist ,$200K-$250K,"San Francisco, CA",200,250,225,,,,,,,,,
Data Engineer,$70K-$132K  ,"Agoura Hills, CA",70,132,101,,,,,,,,,
Senior Data Scientist,$73K-$124K  ,"Woodbridge, NJ",73,124,98.5,,,,,,,,,
Data Engineer I - Azure,$54K-$101K  ,"Pella, IA",54,101,77.5,,,,,,,,,
"Sr. Scientist, Quantitative Translational Sciences",$117K-$206K  ,"Boston, MA",117,206,161.5,,,,,,,,,
MED TECH/LAB SCIENTIST - LABORATORY,$21-$34   ,"Lewes, DE",21,34,27.5,,,,,,,,,
Sr. Data Scientist II,$111K-$183K  ,"New York, NY",111,183,147,,,,,,,,,
Data Scientist,$68K-$112K  ,"San Ramon, CA",68,112,90,,,,,,,,,
Information Security Data Analyst,$42K-$74K  ,"Red Bank, NJ",42,74,58,,,,,,,,,
Excel / VBA / SQL Data Analyst,$44K-$78K  ,"Springfield, MO",44,78,61,,,,,,,,,
Machine Learning Research Scientist,$81K-$159K  ,"Pittsburgh, PA",81,159,120,,,,,,,,,
Data Scientist,$95K-$161K  ,"New York, NY",95,161,128,,,,,,,,,
Data Scientist,$75K-$124K  ,"Hillsboro, OR",75,124,99.5,,,,,,,,,
Data Scientist,$72K-$120K  ,"Detroit, MI",72,120,96,,,,,,,,,
Data Scientist,$76K-$126K  ,"Washington, DC",76,126,101,,,,,,,,,
Senior Data Scientist,$114K-$182K  ,"Burbank, CA",114,182,148,,,,,,,,,
"Data Scientist, Senior",$108K-$176K  ,"Fort Belvoir, VA",108,176,142,,,,,,,,,
Senior Data Scientist,$130K-$208K  ,"Palo Alto, CA",130,208,169,,,,,,,,,
"VP, Data Science",$83K-$166K  ,"Phoenix, AZ",83,166,124.5,,,,,,,,,
Radar Data Analyst,$42K-$76K  ,"Huntsville, AL",42,76,59,,,,,,,,,
CONSULTANT– DATA ANALYTICS GROUP,$37K-$68K  ,"San Diego, CA",37,68,52.5,,,,,,,,,
Data Engineer,$52K-$99K  ,"Houston, TX",52,99,75.5,,,,,,,,,
Senior Data Scientist,$105K-$173K  ,"Armonk, NY",105,173,139,,,,,,,,,
"Data Engineer, Data Engineering and Artifical Intelligence",$71K-$134K  ,"Cambridge, MA",71,134,102.5,,,,,,,,,
Staff Scientist,$39K-$82K  ,"Columbia, SC",39,82,60.5,,,,,,,,,
PL Actuarial-Lead Data Scientist,$114K-$179K  ,"Worcester, MA",114,179,146.5,,,,,,,,,
"Associate Scientist/Scientist, Process Analytical Technology - Small Molecule Analytical Chemistry",$88K-$162K  ,"South San Francisco, CA",88,162,125,,,,,,,,,
Sr. Data Analyst,$60K-$102K  ,"Springfield, MA",60,102,81,,,,,,,,,
Senior Data & Machine Learning Scientist,$100K-$166K  ,"Chicago, IL",100,166,133,,,,,,,,,
Program/Data Analyst,$55K-$99K  ,"Washington, DC",55,99,77,,,,,,,,,
Data Engineer,$67K-$117K  ,"Herndon, VA",67,117,92,,,,,,,,,
Senior Data Scientist: Causal & Predictive analytics AI Innovation Lab,$92K-$150K  ,"Cambridge, MA",92,150,121,,,,,,,,,
"Principal Data Engineer, Data Platform & Insights",$116K-$209K  ,"San Francisco, CA",116,209,162.5,,,,,,,,,
RESEARCH SCIENTIST - BIOLOGICAL SAFETY,$38K-$82K  ,"San Antonio, TX",38,82,60,,,,,,,,,
Data Operations Lead,$85K-$90K,"San Francisco, CA",85,90,87.5,,,,,,,,,
Big Data Engineer,$62K-$119K  ,"Indianapolis, IN",62,119,90.5,,,,,,,,,
Data Scientist / Machine Learning Expert,$86K-$143K  ,"Cambridge, MA",86,143,114.5,,,,,,,,,
Data Scientist,$93K-$149K  ,"Sunnyvale, CA",93,149,121,,,,,,,,,
Senior Data Scientist,$84K-$136K  ,"Dallas, TX",84,136,110,,,,,,,,,
PV Scientist,$60K-$123K  ,"Newton, MA",60,123,91.5,,,,,,,,,
Clinical Data Analyst,$52K-$89K  ,"Portsmouth, VA",52,89,70.5,,,,,,,,,
Data Engineer,$48K-$93K  ,"Lafayette, LA",48,93,70.5,,,,,,,,,
Computational Chemist/Data Scientist,$56K-$97K  ,"Richland, WA",56,97,76.5,,,,,,,,,
Data Engineer,$65K-$119K  ,"Springfield, MA",65,119,92,,,,,,,,,
Principal Data Scientist (Computational Chemistry),$108K-$173K  ,"Salt Lake City, UT",108,173,140.5,,,,,,,,,
Product Engineer – Data Science,$63K-$101K  ,"Arlington, VA",63,101,82,,,,,,,,,
"Principal Scientist, Chemistry & Immunology",$54K-$115K  ,"Rochester, NY",54,115,84.5,,,,,,,,,
"Scientist/Senior Scientist, Autoimmune",$90K-$179K  ,"Cambridge, MA",90,179,134.5,,,,,,,,,
Data Scientist,$127K-$202K  ,"San Francisco, CA",127,202,164.5,,,,,,,,,
Market Data Analyst,$31K-$57K  ,"West Palm Beach, FL",31,57,44,,,,,,,,,
Software Engineer - Data Visualization,$60K-$127K  ,"Annapolis Junction, MD",60,127,93.5,,,,,,,,,
Data Engineer,$75K-$143K  ,"Herndon, VA",75,143,109,,,,,,,,,
Staff Data Engineer,$105K-$194K  ,"Austin, TX",105,194,149.5,,,,,,,,,
Associate Data Engineer,$45K-$86K  ,"Washington, DC",45,86,65.5,,,,,,,,,
Senior Data Scientist,$95K-$154K  ,"Charlotte, NC",95,154,124.5,,,,,,,,,
Staff BI and Data Engineer,$80K-$148K  ,"San Jose, CA",80,148,114,,,,,,,,,
Marketing Data Analyst,$36K-$62K  ,"Exton, PA",36,62,49,,,,,,,,,
"Principal Scientist, Hematology",$54K-$115K  ,"Rochester, NY",54,115,84.5,,,,,,,,,
Data Analyst,$50K-$92K  ,"Alexandria, VA",50,92,71,,,,,,,,,
"Director - Data, Privacy and AI Governance",$67K-$135K  ,"Boston, MA",67,135,101,,,,,,,,,
Data Scientist,$82K-$132K  ,"Redlands, CA",82,132,107,,,,,,,,,
Data Scientist,$85K-$140K  ,"Ipswich, MA",85,140,112.5,,,,,,,,,
Staff Machine Learning Engineer,$138K-$224K  ,"San Francisco, CA",138,224,181,,,,,,,,,
Information Security Data Analyst,$42K-$80K  ,"Chicago, IL",42,80,61,,,,,,,,,
Lead Data Engineer,$190K-$220K ,"Mountain View, CA",190,220,205,,,,,,,,,
Scientist Manufacturing - Kentucky BioProcessing,$68K-$139K  ,"Owensboro, KY",68,139,103.5,,,,,,,,,
Data Analytics Project Manager,$34K-$92K  ,"Springfield, MA",34,92,63,,,,,,,,,
Consultant - Analytics Consulting,$54K-$71K  ,"Hartford, CT",54,71,62.5,,,,,,,,,
Data Engineer,$65K-$124K  ,"Orange, CA",65,124,94.5,,,,,,,,,
Marketing Data Analyst,$35K-$62K  ,"Highland, CA",35,62,48.5,,,,,,,,,
Senior Scientist (Neuroscience),$109K-$200K  ,"Marlborough, MA",109,200,154.5,,,,,,,,,
Medical Laboratory Scientist,$18-$25   ,"Burleson, TX",18,25,21.5,,,,,,,,,
Machine Learning Engineer - Regulatory,$61K-$113K  ,"Lenexa, KS",61,113,87,,,,,,,,,
R&D Specialist/ Food Scientist,$39K-$66K  ,"Hoopeston, IL",39,66,52.5,,,,,,,,,
Data Engineer,$43K-$86K  ,"New York, NY",43,86,64.5,,,,,,,,,
"Scientist, Bacteriology",$74K-$149K  ,"Concord, CA",74,149,111.5,,,,,,,,,
"Associate Director, Platform and DevOps- Data Engineering and Aritifical Intelligence",$113K-$196K  ,"Cambridge, MA",113,196,154.5,,,,,,,,,
Senior Research Scientist-Machine Learning,$81K-$167K  ,"Pittsburgh, PA",81,167,124,,,,,,,,,
Senior Data Scientist,$97K-$160K  ,"Chicago, IL",97,160,128.5,,,,,,,,,
Clinical Laboratory Scientist,$24-$39   ,"Vail, CO",24,39,31.5,,,,,,,,,
Analytics Manager - Data Mart,$42K-$86K  ,"Scotts Valley, CA",42,86,64,,,,,,,,,
Sr. Data Engineer - Contract-to-Hire (Java),$69K-$127K  ,"Knoxville, TN",69,127,98,,,,,,,,,
Data Scientist - Algorithms & Inference,$110K-$175K  ,"San Francisco, CA",110,175,142.5,,,,,,,,,
Senior Data Scientist - R&D Oncology,$102K-$172K  ,"New York, NY",102,172,137,,,,,,,,,
Data Engineer,$74K-$124K  ,"Denver, CO",74,124,99,,,,,,,,,
Food Scientist - Developer,$40K-$68K  ,"Milwaukee, WI",40,68,54,,,,,,,,,
Senior Data Scientist,$108K-$171K  ,"Natick, MA",108,171,139.5,,,,,,,,,
Data Engineer,$76K-$142K  ,"Rockville, MD",76,142,109,,,,,,,,,
"Director II, Data Science - GRM Actuarial",$202K-$306K  ,"Chicago, IL",202,306,254,,,,,,,,,
"Scientist, Molecular/Cellular Biologist",$49K-$97K  ,"South San Francisco, CA",49,97,73,,,,,,,,,
Staff Scientist-Downstream Process Development,$49K-$113K  ,"Rockville, MD",49,113,81,,,,,,,,,
MED TECH/LAB SCIENTIST- SOUTH COASTAL LAB,$21-$34   ,"Millville, DE",21,34,27.5,,,,,,,,,
Scientist - Analytical Services,$65K-$134K  ,"Winston-Salem, NC",65,134,99.5,,,,,,,,,
Associate Data Analyst- Graduate Development Program,$32K-$59K  ,"Richfield, OH",32,59,45.5,,,,,,,,,
Sr. Data Engineer,$87K-$158K  ,"Indianapolis, IN",87,158,122.5,,,,,,,,,
Senior Insurance Data Scientist,$107K-$173K  ,"Chicago, IL",107,173,140,,,,,,,,,
Senior Data Science Systems Engineer,$56K-$99K  ,"Hampton, VA",56,99,77.5,,,,,,,,,
ENVIRONMENTAL ENGINEER/SCIENTIST,$25K-$28K,"Cambridge, MA",25,28,26.5,,,,,,,,,
Senior Scientist - Regulatory Submissions,$80K-$155K  ,"Winston-Salem, NC",80,155,117.5,,,,,,,,,
Scientist - Biomarker and Flow Cytometry,$43K-$98K  ,"San Diego, CA",43,98,70.5,,,,,,,,,
Revenue Analytics Manager,$45K-$78K  ,"San Francisco, CA",45,78,61.5,,,,,,,,,
"Associate Scientist, LC/MS Biologics",$44K-$96K  ,"Ithaca, NY",44,96,70,,,,,,,,,
Sr. Scientist Method Development,$50K-$110K  ,"Marietta, GA",50,110,80,,,,,,,,,
IT - Data Engineer II,$61K-$119K  ,"Quincy, MA",61,119,90,,,,,,,,,
"Research Scientist, Immunology - Cancer Biology",$100K-$140K,"Cambridge, MA",100,140,120,,,,,,,,,
"Project Scientist - Auton Lab, Robotics Institute",$56K-$91K  ,"Pittsburgh, PA",56,91,73.5,,,,,,,,,
Data Scientist,$68K-$114K  ,"Fort Lauderdale, FL",68,114,91,,,,,,,,,
Data Scientist,$150K-$160K,"Washington, DC",150,160,155,,,,,,,,,
"Enterprise Architect, Data",$101K-$158K  ,"Boston, MA",101,158,129.5,,,,,,,,,
"Senior Manager, Epidemiologic Data Scientist",$125K-$210K  ,"New York, NY",125,210,167.5,,,,,,,,,
Corporate Risk Data Analyst (SQL Based) - Milwaukee or,$43K-$77K  ,"Green Bay, WI",43,77,60,,,,,,,,,
Lead Data Scientist,$139K-$221K  ,"Burbank, CA",139,221,180,,,,,,,,,
"Marketing Data Analyst, May 2020 Undergrad",$44K-$86K  ,"New York, NY",44,86,65,,,,,,,,,
Senior Data Engineer,$78K-$147K  ,"Durham, NC",78,147,112.5,,,,,,,,,
Senior Data Analyst,$65K-$110K  ,"New York, NY",65,110,87.5,,,,,,,,,
Data Modeler - Data Solutions Engineer,$37K-$66K  ,"Indianapolis, IN",37,66,51.5,,,,,,,,,
Associate Environmental Scientist - Wildlife Biologist,$38K-$64K  ,"Clovis, CA",38,64,51,,,,,,,,,
"Associate, Data Science, Internal Audit",$43K-$82K  ,"Boston, MA",43,82,62.5,,,,,,,,,
Sr Data Engineer (Sr BI Developer),$90K-$110K ,"Chandler, AZ",90,110,100,,,,,,,,,
Data Engineer,$61K-$109K  ,"Chantilly, VA",61,109,85,,,,,,,,,
Senior LiDAR Data Scientist,$93K-$151K  ,"Orlando, FL",93,151,122,,,,,,,,,
Salesforce Analytics Consultant,$52K-$81K  ,"Chicago, IL",52,81,66.5,,,,,,,,,
"Technology-Minded, Data Professional Opportunities",$40K-$101K  ,"Columbia, MO",40,101,70.5,,,,,,,,,
Senior Data Engineer,$97K-$180K  ,"Austin, TX",97,180,138.5,,,,,,,,,
Managing Data Scientist/ML Engineer,$81K-$134K  ,"Boston, MA",81,134,107.5,,,,,,,,,
"Scientist, Pharmacometrics",$84K-$157K  ,"Cambridge, MA",84,157,120.5,,,,,,,,,
Staff Scientist- Upstream PD,$49K-$113K  ,"Rockville, MD",49,113,81,,,,,,,,,
Scientist Manufacturing Pharma - Kentucky BioProcessing,$68K-$139K  ,"Owensboro, KY",68,139,103.5,,,,,,,,,
Sr. Data Engineer,$75K-$140K  ,"Chicago, IL",75,140,107.5,,,,,,,,,
Lead Big Data Engineer,$121K-$203K  ,"San Francisco, CA",121,203,162,,,,,,,,,
Product Engineer – Spatial Data Science and Statistical Analysis,$52K-$85K  ,"Redlands, CA",52,85,68.5,,,,,,,,,
Sr Software Engineer (Data Scientist),$81K-$140K  ,"Westlake, OH",81,140,110.5,,,,,,,,,
College Hire - Data Scientist ,$63K-$99K  ,"Peoria, IL",63,99,81,,,,,,,,,
Senior Data Scientist,$110K-$150K ,"Chicago, IL",110,150,130,,,,,,,,,
Sr. Data Engineer (ETL Developer),$83K-$148K  ,"Des Moines, IA",83,148,115.5,,,,,,,,,
Senior Data Scientist Artificial Intelligence,$60K-$101K  ,"Richland, WA",60,101,80.5,,,,,,,,,
Analytics - Business Assurance Data Analyst,$31K-$55K  ,"Cedar Rapids, IA",31,55,43,,,,,,,,,
"Associate Director/Director, Safety Scientist",$102K-$178K  ,"Cambridge, MA",102,178,140,,,,,,,,,
"Senior Scientist, Cell Pharmacology/Assay Development",$110K-$130K,"Cambridge, MA",110,130,120,,,,,,,,,
Data Analyst Senior,$48K-$85K  ,"Philadelphia, PA",48,85,66.5,,,,,,,,,
Lead Data Engineer (Python),$66K-$123K  ,"San Francisco, CA",66,123,94.5,,,,,,,,,
Senior Data Scientist 4 Artificial Intelligence,$92K-$146K  ,"Seattle, WA",92,146,119,,,,,,,,,
Medical Lab Scientist - MLT,$21-$29   ,"Omaha, NE",21,29,25,,,,,,,,,
"Senior Operations Data Analyst, Call Center Operations",$10-$17   ,"Nashville, TN",10,17,13.5,,,,,,,,,
"Director II, Data Science - GRS Predictive Analytics",$150K-$239K  ,"Chicago, IL",150,239,194.5,,,,,,,,,
RESEARCH COMPUTER SCIENTIST - RESEARCH ENGINEER - SR. COMPUTER SCIENTIST - SOFTWARE DEVELOPMENT,$52K-$91K  ,"San Antonio, TX",52,91,71.5,,,,,,,,,
Geospatial Software Developer and Data Scientist,$82K-$129K ,"Austin, TX",82,129,105.5,,,,,,,,,
Senior Scientist - Toxicologist - Product Integrity (Stewardship),$47K-$101K  ,"Winston-Salem, NC",47,101,74,,,,,,,,,
Systems Engineer II - Data Analyst,$49K-$76K  ,"Huntsville, AL",49,76,62.5,,,,,,,,,
Senior Research Analytical Scientist-Non-Targeted Analysis,$43K-$88K  ,"Durham, NC",43,88,65.5,,,,,,,,,
Director Data Science,$124K-$199K  ,"Fort Lee, NJ",124,199,161.5,,,,,,,,,
Sr Data Analyst - IT,$52K-$93K  ,"Blue Bell, PA",52,93,72.5,,,,,,,,,
Senior Data Engineer,$97K-$181K  ,"San Francisco, CA",97,181,139,,,,,,,,,
Senior Data Engineer,$100K-$173K  ,"San Francisco, CA",100,173,136.5,,,,,,,,,
Associate Machine Learning Engineer / Data Scientist May 2020 Undergrad,$53K-$96K  ,"New York, NY",53,96,74.5,,,,,,,,,
Senior Scientist - Biostatistician,$65K-$96K  ,"Winston-Salem, NC",65,96,80.5,,,,,,,,,
Data Scientist,$56K-$95K  ,"Albuquerque, NM",56,95,75.5,,,,,,,,,
Data Scientist,$111K-$176K  ,"Saint Louis, MO",111,176,143.5,,,,,,,,,
Data Scientist,$75K-$127K  ,"Springfield, VA",75,127,101,,,,,,,,,
Data Engineer,$65K-$119K  ,"Springfield, MA",65,119,92,,,,,,,,,
Computational Chemist/Data Scientist,$56K-$97K  ,"Richland, WA",56,97,76.5,,,,,,,,,
Principal Data Scientist (Computational Chemistry),$108K-$173K  ,"Salt Lake City, UT",108,173,140.5,,,,,,,,,
Data Scientist,$94K-$139K  ,"Jersey City, NJ",94,139,116.5,,,,,,,,,
Principal Machine Learning Scientist,$176K-$289K  ,"San Francisco, CA",176,289,232.5,,,,,,,,,
Data Scientist,$92K-$149K  ,"San Francisco, CA",92,149,120.5,,,,,,,,,
Product Engineer – Data Science,$63K-$101K  ,"Arlington, VA",63,101,82,,,,,,,,,
"Principal Scientist, Chemistry & Immunology",$54K-$115K  ,"Rochester, NY",54,115,84.5,,,,,,,,,
Data Scientist,$118K-$188K  ,"Emeryville, CA",118,188,153,,,,,,,,,
Data Scientist,$108K-$146K  ,"Palo Alto, CA",108,146,127,,,,,,,,,
Data Scientist,$65K-$106K  ,"Santa Barbara, CA",65,106,85.5,,,,,,,,,
Data Scientist,$55K-$98K  ,"Carle Place, NY",55,98,76.5,,,,,,,,,
Data Scientist,$94K-$162K  ,"New York, NY",94,162,128,,,,,,,,,
Data Engineer,$63K-$120K  ,"King of Prussia, PA",63,120,91.5,,,,,,,,,
"Scientist/Senior Scientist, Autoimmune",$90K-$179K  ,"Cambridge, MA",90,179,134.5,,,,,,,,,
Data Scientist,$127K-$202K  ,"San Francisco, CA",127,202,164.5,,,,,,,,,
Software Engineer - Data Visualization,$60K-$127K  ,"Annapolis Junction, MD",60,127,93.5,,,,,,,,,
Market Data Analyst,$31K-$57K  ,"West Palm Beach, FL",31,57,44,,,,,,,,,
Staff Data Engineer,$105K-$194K  ,"Austin, TX",105,194,149.5,,,,,,,,,
Associate Data Engineer,$45K-$86K  ,"Washington, DC",45,86,65.5,,,,,,,,,
Data Engineer,$75K-$143K  ,"Herndon, VA",75,143,109,,,,,,,,,
Staff Data Engineer,$126K-$228K  ,"Mountain View, CA",126,228,177,,,,,,,,,
Data Scientist,$80K-$134K  ,"Arlington, VA",80,134,107,,,,,,,,,
Data Scientist,$120K-$189K  ,"Santa Clara, CA",120,189,154.5,,,,,,,,,
Data Scientist,$85K-$142K  ,"Santa Clara, CA",85,142,113.5,,,,,,,,,
Senior Data Scientist,$95K-$154K  ,"Charlotte, NC",95,154,124.5,,,,,,,,,
Data Scientist,$111K-$176K  ,"Brisbane, CA",111,176,143.5,,,,,,,,,
Data Scientist,$87K-$140K  ,"San Francisco, CA",87,140,113.5,,,,,,,,,
Data Scientist,$76K-$127K  ,"Springfield, VA",76,127,101.5,,,,,,,,,
"Data Analyst, Performance Partnership",$54K-$92K  ,"New York, NY",54,92,73,,,,,,,,,
Data Scientist,$61K-$100K  ,"New York, NY",61,100,80.5,,,,,,,,,
Data Scientist,$81K-$140K  ,"New York, NY",81,140,110.5,,,,,,,,,
Staff BI and Data Engineer,$80K-$148K  ,"San Jose, CA",80,148,114,,,,,,,,,
Data Scientist,$108K-$171K  ,"Foster City, CA",108,171,139.5,,,,,,,,,
Data Scientist,$112K-$179K  ,"New York, NY",112,179,145.5,,,,,,,,,
Data Scientist,$63K-$111K  ,"New York, NY",63,111,87,,,,,,,,,
Data Scientist,$75K-$126K  ,"Holyoke, MA",75,126,100.5,,,,,,,,,
Data Scientist Manager,$110K-$184K  ,"New York, NY",110,184,147,,,,,,,,,
Data Engineer,$76K-$145K  ,"New York, NY",76,145,110.5,,,,,,,,,
Marketing Data Analyst,$36K-$62K  ,"Exton, PA",36,62,49,,,,,,,,,
Data Scientist,$70K-$118K  ,"Waltham, MA",70,118,94,,,,,,,,,
Senior Data Scientist,$94K-$153K  ,"New York, NY",94,153,123.5,,,,,,,,,
"Principal Scientist, Hematology",$54K-$115K  ,"Rochester, NY",54,115,84.5,,,,,,,,,
Data Analyst,$50K-$92K  ,"Alexandria, VA",50,92,71,,,,,,,,,
Software Data Engineer - College,$49K-$97K  ,"Corvallis, OR",49,97,73,,,,,,,,,
"Director - Data, Privacy and AI Governance",$67K-$135K  ,"Boston, MA",67,135,101,,,,,,,,,
Staff Machine Learning Engineer,$138K-$224K  ,"San Francisco, CA",138,224,181,,,,,,,,,
Data Scientist,$80K-$139K  ,"San Diego, CA",80,139,109.5,,,,,,,,,
Lead Data Scientist,$158K-$211K  ,"Bellevue, WA",158,211,184.5,,,,,,,,,
Senior Data Scientist - Algorithms,$150K-$180K  ,"New York, NY",150,180,165,,,,,,,,,
Information Security Data Analyst,$42K-$80K  ,"Chicago, IL",42,80,61,,,,,,,,,
Lead Data Engineer,$190K-$220K ,"Mountain View, CA",190,220,205,,,,,,,,,
Data Analyst,$42K-$77K  ,"New York, NY",42,77,59.5,,,,,,,,,
Scientist Manufacturing - Kentucky BioProcessing,$68K-$139K  ,"Owensboro, KY",68,139,103.5,,,,,,,,,
Consultant - Analytics Consulting,$54K-$71K  ,"Hartford, CT",54,71,62.5,,,,,,,,,
Data Analytics Project Manager,$34K-$92K  ,"Springfield, MA",34,92,63,,,,,,,,,
Data Analyst,$47K-$85K  ,"New York, NY",47,85,66,,,,,,,,,
Data Engineer,$65K-$124K  ,"Orange, CA",65,124,94.5,,,,,,,,,
Data Scientist,$56K-$95K  ,"New York, NY",56,95,75.5,,,,,,,,,
Machine Learning Engineer,$62K-$112K  ,"Fort Belvoir, VA",62,112,87,,,,,,,,,
Senior Data Scientist Oncology,$107K-$173K  ,"Gaithersburg, MD",107,173,140,,,,,,,,,
Data Scientist,$64K-$108K  ,"Silver Spring, MD",64,108,86,,,,,,,,,
Senior Data Scientist,$89K-$144K  ,"Palo Alto, CA",89,144,116.5,,,,,,,,,
Senior Scientist (Neuroscience),$109K-$200K  ,"Marlborough, MA",109,200,154.5,,,,,,,,,
Machine Learning Engineer - Regulatory,$61K-$113K  ,"Lenexa, KS",61,113,87,,,,,,,,,
Marketing Data Analyst,$35K-$62K  ,"Highland, CA",35,62,48.5,,,,,,,,,
Data Engineer,$55K-$105K  ,"Houston, TX",55,105,80,,,,,,,,,
Medical Laboratory Scientist,$18-$25   ,"Burleson, TX",18,25,21.5,,,,,,,,,
R&D Specialist/ Food Scientist,$39K-$66K  ,"Hoopeston, IL",39,66,52.5,,,,,,,,,
Principal Data Scientist,$135K-$211K  ,"San Jose, CA",135,211,173,,,,,,,,,
Data Engineer,$57K-$80K  ,"Phoenix, AZ",57,80,68.5,,,,,,,,,
Data Scientist - Alpha Insights,$129K-$215K  ,"New York, NY",129,215,172,,,,,,,,,
"Data Scientist, Office of Data Science",$86K-$143K  ,"Boston, MA",86,143,114.5,,,,,,,,,
"Associate Principal Scientist, Pharmacogenomics",$63K-$127K  ,"Gaithersburg, MD",63,127,95,,,,,,,,,
Data Scientist - Systems Engineering,$50K-$89K  ,"Bedford, MA",50,89,69.5,,,,,,,,,
Data Engineer,$43K-$86K  ,"New York, NY",43,86,64.5,,,,,,,,,
"Scientist, Bacteriology",$74K-$149K  ,"Concord, CA",74,149,111.5,,,,,,,,,
Data Scientist,$71K-$124K  ,"New York, NY",71,124,97.5,,,,,,,,,
"Associate Director, Platform and DevOps- Data Engineering and Aritifical Intelligence",$113K-$196K  ,"Cambridge, MA",113,196,154.5,,,,,,,,,
Senior Research Scientist-Machine Learning,$81K-$167K  ,"Pittsburgh, PA",81,167,124,,,,,,,,,
Data Scientist,$69K-$121K  ,"New York, NY",69,121,95,,,,,,,,,
Senior Data Scientist,$97K-$160K  ,"Chicago, IL",97,160,128.5,,,,,,,,,
Principal Data Scientist,$150K-$238K  ,"San Francisco, CA",150,238,194,,,,,,,,,
Data Scientist,$77K-$132K  ,"New York, NY",77,132,104.5,,,,,,,,,
Clinical Laboratory Scientist,$24-$39   ,"Vail, CO",24,39,31.5,,,,,,,,,
Data Engineer - Consultant (Charlotte Based),$59K-$112K  ,"Charlotte, NC",59,112,85.5,,,,,,,,,
Data Analyst 1,$35K-$65K  ,"Salt Lake City, UT",35,65,50,,,,,,,,,
Data Engineer,$79K-$147K  ,"Aliso Viejo, CA",79,147,113,,,,,,,,,
"Scientist, Immuno-Oncology",$62K-$119K  ,"Cambridge, MA",62,119,90.5,,,,,,,,,
Senior Data Scientist,$119K-$187K  ,"Los Angeles, CA",119,187,153,,,,,,,,,
Products Data Analyst II,$90K-$157K  ,"Dublin, CA",90,157,123.5,,,,,,,,,
Lead Data Analyst,$32K-$62K  ,"New York, NY",32,62,47,,,,,,,,,
Analytics Manager - Data Mart,$42K-$86K  ,"Scotts Valley, CA",42,86,64,,,,,,,,,
Data Science Engineer - Mobile,$116K-$208K  ,"San Jose, CA",116,208,162,,,,,,,,,
Senior Data Scientist - R&D Oncology,$102K-$172K  ,"New York, NY",102,172,137,,,,,,,,,
Sr. Data Engineer - Contract-to-Hire (Java),$69K-$127K  ,"Knoxville, TN",69,127,98,,,,,,,,,
Data Scientist,$86K-$144K  ,"Armonk, NY",86,144,115,,,,,,,,,
Senior Data Scientist,$102K-$165K  ,"Arvada, CO",102,165,133.5,,,,,,,,,
Data Engineer,$74K-$124K  ,"Denver, CO",74,124,99,,,,,,,,,
Food Scientist - Developer,$40K-$68K  ,"Milwaukee, WI",40,68,54,,,,,,,,,
Senior Data Engineer,$76K-$142K  ,"Franklin, TN",76,142,109,,,,,,,,,
Data Engineer,$76K-$142K  ,"Rockville, MD",76,142,109,,,,,,,,,
Senior Data Scientist,$108K-$171K  ,"Natick, MA",108,171,139.5,,,,,,,,,
"Director II, Data Science - GRM Actuarial",$202K-$306K  ,"Chicago, IL",202,306,254,,,,,,,,,
Machine Learning Engineer,$91K-$159K  ,"New York, NY",91,159,125,,,,,,,,,
"Sr Expert Data Science, Advanced Visual Analytics (Associate level)",$80K-$133K  ,"Cambridge, MA",80,133,106.5,,,,,,,,,
"Scientist, Molecular/Cellular Biologist",$49K-$97K  ,"South San Francisco, CA",49,97,73,,,,,,,,,
Staff Scientist-Downstream Process Development,$49K-$113K  ,"Rockville, MD",49,113,81,,,,,,,,,
MED TECH/LAB SCIENTIST- SOUTH COASTAL LAB,$21-$34   ,"Millville, DE",21,34,27.5,,,,,,,,,
Scientist - Analytical Services,$65K-$134K  ,"Winston-Salem, NC",65,134,99.5,,,,,,,,,
Associate Data Analyst- Graduate Development Program,$32K-$59K  ,"Richfield, OH",32,59,45.5,,,,,,,,,
IT Associate Data Analyst,$39K-$69K  ,"Worcester, MA",39,69,54,,,,,,,,,
Sr. Data Engineer,$87K-$158K  ,"Indianapolis, IN",87,158,122.5,,,,,,,,,
Clinical Data Analyst,$27K-$48K  ,"Tampa, FL",27,48,37.5,,,,,,,,,
Business Data Analyst,$36K-$71K  ,"New York, NY",36,71,53.5,,,,,,,,,
Senior Insurance Data Scientist,$107K-$173K  ,"Chicago, IL",107,173,140,,,,,,,,,
Senior Data Science Systems Engineer,$56K-$99K  ,"Hampton, VA",56,99,77.5,,,,,,,,,
ENVIRONMENTAL ENGINEER/SCIENTIST,$25K-$28K,"Cambridge, MA",25,28,26.5,,,,,,,,,
Senior Scientist - Regulatory Submissions,$80K-$155K  ,"Winston-Salem, NC",80,155,117.5,,,,,,,,,
Scientist - Biomarker and Flow Cytometry,$43K-$98K  ,"San Diego, CA",43,98,70.5,,,,,,,,,
"Associate Scientist, LC/MS Biologics",$44K-$96K  ,"Ithaca, NY",44,96,70,,,,,,,,,
Revenue Analytics Manager,$45K-$78K  ,"San Francisco, CA",45,78,61.5,,,,,,,,,
Sr. Scientist Method Development,$50K-$110K  ,"Marietta, GA",50,110,80,,,,,,,,,
Data Scientist,$60K-$99K  ,"Atlanta, GA",60,99,79.5,,,,,,,,,
Data Scientist - Sales,$130K-$206K  ,"Mountain View, CA",130,206,168,,,,,,,,,
IT - Data Engineer II,$61K-$119K  ,"Quincy, MA",61,119,90,,,,,,,,,
"Research Scientist, Immunology - Cancer Biology",$100K-$140K,"Cambridge, MA",100,140,120,,,,,,,,,
Senior Data Analyst,$99K-$178K  ,"San Francisco, CA",99,178,138.5,,,,,,,,,
"Principal, Data Science - Advanced Analytics",$86K-$137K  ,"Plymouth Meeting, PA",86,137,111.5,,,,,,,,,
Data Science Project Manager,$37K-$100K  ,"Boston, MA",37,100,68.5,,,,,,,,,
"Sr Scientist, Immuno-Oncology - Oncology",$58K-$111K  ,"Cambridge, MA",58,111,84.5,,,,,,,,,
Senior Data Engineer,$72K-$133K  ,"Nashville, TN",72,133,102.5,,,,,,,,,
"Project Scientist - Auton Lab, Robotics Institute",$56K-$91K  ,"Pittsburgh, PA",56,91,73.5,,,,,,,,,
Research Scientist – Security and Privacy,$61K-$126K  ,"Beavercreek, OH",61,126,93.5,,,,,,,,,
Data Science Manager,$95K-$160K  ,"Allentown, PA",95,160,127.5,,,,,,,,,
Data Analyst 2 (Missionary Department),$53K-$91K  ,"Salt Lake City, UT",53,91,72,,,,,,,,,
"Enterprise Architect, Data",$101K-$158K  ,"Boston, MA",101,158,129.5,,,,,,,,,
Supply Chain Data Analyst,$33K-$61K  ,"Logan, UT",33,61,47,,,,,,,,,
Data Engineer - ETL,$44K-$86K  ,"Birmingham, AL",44,86,65,,,,,,,,,
Corporate Risk Data Analyst (SQL Based),$43K-$77K  ,"Green Bay, WI",43,77,60,,,,,,,,,
"Senior Manager, Epidemiologic Data Scientist",$125K-$210K  ,"New York, NY",125,210,167.5,,,,,,,,,
Marketing Data Analyst,$44K-$86K  ,"New York, NY",44,86,65,,,,,,,,,
Senior Data Analyst,$69K-$119K  ,"Herndon, VA",69,119,94,,,,,,,,,
Senior Data Analyst,$65K-$110K  ,"New York, NY",65,110,87.5,,,,,,,,,
Senior Data Engineer,$67K-$127K  ,"Reston, VA",67,127,97,,,,,,,,,
Senior Data Engineer,$78K-$147K  ,"Durham, NC",78,147,112.5,,,,,,,,,
Data Modeler (Analytical Systems),$66K-$117K  ,"Boston, MA",66,117,91.5,,,,,,,,,
Data Modeler - Data Solutions Engineer,$37K-$66K  ,"Indianapolis, IN",37,66,51.5,,,,,,,,,
Data Scientist in Translational Medicine,$86K-$143K  ,"Cambridge, MA",86,143,114.5,,,,,,,,,
Data Scientist,$84K-$146K  ,"New York, NY",84,146,115,,,,,,,,,
Product Manager/Data Evangelist,$50K-$98K  ,"Phila, PA",50,98,74,,,,,,,,,
Associate Environmental Scientist - Wildlife Biologist,$38K-$64K  ,"Clovis, CA",38,64,51,,,,,,,,,
Sr Data Engineer (Sr BI Developer),$90K-$110K ,"Chandler, AZ",90,110,100,,,,,,,,,
Senior Data Scientist – Visualization,$92K-$150K  ,"Cambridge, MA",92,150,121,,,,,,,,,
Senior Data Analyst/Scientist,$90K-$153K  ,"San Francisco, CA",90,153,121.5,,,,,,,,,
"Associate, Data Science, Internal Audit",$43K-$82K  ,"Boston, MA",43,82,62.5,,,,,,,,,
"Scientist – Cancer Discovery, Molecular Assay",$100K-$135K,"Cambridge, MA",100,135,117.5,,,,,,,,,
Senior LiDAR Data Scientist,$93K-$151K  ,"Orlando, FL",93,151,122,,,,,,,,,
Data Engineer,$61K-$109K  ,"Chantilly, VA",61,109,85,,,,,,,,,
Data Engineer,$42K-$79K  ,"Scottsdale, AZ",42,79,60.5,,,,,,,,,
Lead Data Scientist,$139K-$221K  ,"Burbank, CA",139,221,180,,,,,,,,,
"Technology-Minded, Data Professional Opportunities",$40K-$101K  ,"Columbia, MO",40,101,70.5,,,,,,,,,
Big Data Engineer,$84K-$153K  ,"Chantilly, VA",84,153,118.5,,,,,,,,,
Salesforce Analytics Consultant,$52K-$81K  ,"Chicago, IL",52,81,66.5,,,,,,,,,
Managing Data Scientist/ML Engineer,$81K-$134K  ,"Boston, MA",81,134,107.5,,,,,,,,,
Senior Data Engineer,$97K-$180K  ,"Austin, TX",97,180,138.5,,,,,,,,,
Staff Scientist- Upstream PD,$49K-$113K  ,"Rockville, MD",49,113,81,,,,,,,,,
Data Engineering Analyst,$44K-$73K  ,"Bloomington, IL",44,73,58.5,,,,,,,,,
Sr. Data Engineer,$75K-$140K  ,"Chicago, IL",75,140,107.5,,,,,,,,,
"Scientist, Pharmacometrics",$84K-$157K  ,"Cambridge, MA",84,157,120.5,,,,,,,,,
Manager of Data Science,$40K-$87K  ,"San Francisco, CA",40,87,63.5,,,,,,,,,
Scientist Manufacturing Pharma - Kentucky BioProcessing,$68K-$139K  ,"Owensboro, KY",68,139,103.5,,,,,,,,,
Software Engineer (Data Scientist/Software Engineer) ,$72K-$142K  ,"Fremont, CA",72,142,107,,,,,,,,,
Data Engineer,$74K-$137K  ,"Springfield, VA",74,137,105.5,,,,,,,,,
Data Engineer,$57K-$109K  ,"San Diego, CA",57,109,83,,,,,,,,,
Lead Big Data Engineer,$121K-$203K  ,"San Francisco, CA",121,203,162,,,,,,,,,
Product Engineer – Spatial Data Science and Statistical Analysis,$52K-$85K  ,"Redlands, CA",52,85,68.5,,,,,,,,,
Sr Software Engineer (Data Scientist),$81K-$140K  ,"Westlake, OH",81,140,110.5,,,,,,,,,
Sr. Data Engineer (ETL Developer),$83K-$148K  ,"Des Moines, IA",83,148,115.5,,,,,,,,,
Associate Research Scientist I (Protein Expression and Production),$59K-$116K  ,"Alameda, CA",59,116,87.5,,,,,,,,,
Senior Data Scientist Artificial Intelligence,$60K-$101K  ,"Richland, WA",60,101,80.5,,,,,,,,,
Analytics - Business Assurance Data Analyst,$31K-$55K  ,"Cedar Rapids, IA",31,55,43,,,,,,,,,
"Associate Director/Director, Safety Scientist",$102K-$178K  ,"Cambridge, MA",102,178,140,,,,,,,,,
"Director, Precision Medicine Clinical Biomarker Scientist",$136K-$208K  ,"Cambridge, MA",136,208,172,,,,,,,,,
"Senior Scientist, Cell Pharmacology/Assay Development",$110K-$130K,"Cambridge, MA",110,130,120,,,,,,,,,
Data Analyst Senior,$48K-$85K  ,"Philadelphia, PA",48,85,66.5,,,,,,,,,
Senior Formulations Scientist II,$71K-$129K  ,"Alameda, CA",71,129,100,,,,,,,,,
Lead Data Engineer (Python),$66K-$123K  ,"San Francisco, CA",66,123,94.5,,,,,,,,,
Data Science Manager,$171K-$272K  ,"San Francisco, CA",171,272,221.5,,,,,,,,,
Senior Data Scientist 4 Artificial Intelligence,$92K-$146K  ,"Seattle, WA",92,146,119,,,,,,,,,
Data Engineer,$65K-$126K  ,"Chicago, IL",65,126,95.5,,,,,,,,,
"Director II, Data Science - GRS Predictive Analytics",$150K-$239K  ,"Chicago, IL",150,239,194.5,,,,,,,,,
Medical Lab Scientist - MLT,$21-$29   ,"Omaha, NE",21,29,25,,,,,,,,,
"Senior Operations Data Analyst, Call Center Operations",$10-$17   ,"Nashville, TN",10,17,13.5,,,,,,,,,
Senior Quantitative Analyst,$118K-$228K  ,"Jersey City, NJ",118,228,173,,,,,,,,,
Geospatial Software Developer and Data Scientist,$82K-$129K ,"Austin, TX",82,129,105.5,,,,,,,,,
RESEARCH COMPUTER SCIENTIST - RESEARCH ENGINEER - SR. COMPUTER SCIENTIST - SOFTWARE DEVELOPMENT,$52K-$91K  ,"San Antonio, TX",52,91,71.5,,,,,,,,,
Senior Scientist - Toxicologist - Product Integrity (Stewardship),$47K-$101K  ,"Winston-Salem, NC",47,101,74,,,,,,,,,
Systems Engineer II - Data Analyst,$49K-$76K  ,"Huntsville, AL",49,76,62.5,,,,,,,,,
Senior Research Analytical Scientist-Non-Targeted Analysis,$43K-$88K  ,"Durham, NC",43,88,65.5,,,,,,,,,
Data Scientist,$61K-$109K  ,"Coraopolis, PA",61,109,85,,,,,,,,,
Principal Data Scientist,$113K-$182K  ,"Gaithersburg, MD",113,182,147.5,,,,,,,,,
Director Data Science,$124K-$199K  ,"Fort Lee, NJ",124,199,161.5,,,,,,,,,
Data Engineer,$58K-$104K  ,"Roanoke, VA",58,104,81,,,,,,,,,
Sr Data Analyst - IT,$52K-$93K  ,"Blue Bell, PA",52,93,72.5,,,,,,,,,
Senior Data Engineer,$97K-$181K  ,"San Francisco, CA",97,181,139,,,,,,,,,
Senior Data Engineer,$100K-$173K  ,"San Francisco, CA",100,173,136.5,,,,,,,,,
Sr. Data Analyst,$58K-$108K  ,"New York, NY",58,108,83,,,,,,,,,
Research Scientist or Senior Research Scientist - Computer Vision,$81K-$161K  ,"Cambridge, MA",81,161,121,,,,,,,,,
Associate Machine Learning Engineer / Data Scientist,$53K-$96K  ,"New York, NY",53,96,74.5,,,,,,,,,
Data Analyst Chemist - Quality System Contractor,$61K-$110K  ,"San Francisco, CA",61,110,85.5,,,,,,,,,
Senior Scientist - Biostatistician,$65K-$96K  ,"Winston-Salem, NC",65,96,80.5,,,,,,,,,
Research Scientist / Principal Research Scientist - Multiphysical Systems,$115K-$220K  ,"Cambridge, MA",115,220,167.5,,,,,,,,,
"Research Scientist, Machine Learning Department",$71K-$144K  ,"Pittsburgh, PA",71,144,107.5,,,,,,,,,
Foundational Community Supports Data Analyst,$32K-$57K  ,"Seattle, WA",32,57,44.5,,,,,,,,,
Senior Health Data Analyst,$79K-$136K  ,"Glen Burnie, MD",79,136,107.5,,,,,,,,,
"Principal Research Scientist/Team Lead, Medicinal Chemistry - Oncology",$120K-$145K,"Cambridge, MA",120,145,132.5,,,,,,,,,
Sr. Data Analyst,$50K-$89K  ,"Philadelphia, PA",50,89,69.5,,,,,,,,,
"Senior Engineer, Data Management Engineering",$68K-$129K  ,"Milpitas, CA",68,129,98.5,,,,,,,,,
Quality Control Scientist III- Analytical Development,$48K-$113K  ,"Rockville, MD",48,113,80.5,,,,,,,,,
"Clinical Scientist, Clinical Development",$27-$47   ,"Watertown, MA",27,47,37,,,,,,,,,
Software Engineer Staff Scientist: Human Language Technologies,$74K-$124K  ,"Cambridge, MD",74,124,99,,,,,,,,,
"Manager, Safety Scientist, Medical Safety & Risk Management",$68K-$125K  ,"Cambridge, MA",68,125,96.5,,,,,,,,,
"Assistant Director/Director, ",$39K-$67K  ,"Boston, MA",39,67,53,,,,,,,,,
Sr. Data Engineer ,$71K-$135K  ,"Los Angeles, CA",71,135,103,,,,,,,,,
Senior Risk Data Scientist,$107K-$172K  ,"Palo Alto, CA",107,172,139.5,,,,,,,,,
Data Scientist in Artificial Intelligence,$49K-$85K  ,"Richland, WA",49,85,67,,,,,,,,,
Consultant - Analytics Consulting,$54K-$71K  ,"Hartford, CT",54,71,62.5,,,,,,,,,
Scientist - CVRM Metabolism ,$61K-$123K  ,"Gaithersburg, MD",61,123,92,,,,,,,,,
Data Analyst,$47K-$85K  ,"New York, NY",47,85,66,,,,,,,,,
Data Engineer,$65K-$124K  ,"Orange, CA",65,124,94.5,,,,,,,,,
Data Scientist,$87K-$141K  ,"Fort Lee, NJ",87,141,114,,,,,,,,,
Data Scientist,$56K-$95K  ,"New York, NY",56,95,75.5,,,,,,,,,
Data Scientist,$71K-$121K  ,"Maryland Heights, MO",71,121,96,,,,,,,,,
Machine Learning Engineer,$62K-$112K  ,"Fort Belvoir, VA",62,112,87,,,,,,,,,
Data Scientist,$64K-$108K  ,"Silver Spring, MD",64,108,86,,,,,,,,,
Senior Data Scientist,$89K-$144K  ,"Palo Alto, CA",89,144,116.5,,,,,,,,,
Senior Scientist (Neuroscience),$109K-$200K  ,"Marlborough, MA",109,200,154.5,,,,,,,,,
Marketing Data Analyst,$35K-$62K  ,"Highland, CA",35,62,48.5,,,,,,,,,
Machine Learning Engineer - Regulatory,$61K-$113K  ,"Lenexa, KS",61,113,87,,,,,,,,,
Data Engineer,$55K-$105K  ,"Houston, TX",55,105,80,,,,,,,,,
Medical Laboratory Scientist,$18-$25   ,"Burleson, TX",18,25,21.5,,,,,,,,,
Principal Data Scientist,$135K-$211K  ,"San Jose, CA",135,211,173,,,,,,,,,
R&D Specialist/ Food Scientist,$39K-$66K  ,"Hoopeston, IL",39,66,52.5,,,,,,,,,
Data Engineer,$57K-$80K  ,"Phoenix, AZ",57,80,68.5,,,,,,,,,
"Associate Principal Scientist, Pharmacogenomics",$63K-$127K  ,"Gaithersburg, MD",63,127,95,,,,,,,,,
Data Scientist - Systems Engineering,$50K-$89K  ,"Bedford, MA",50,89,69.5,,,,,,,,,
Senior Data Scientist,$82K-$132K  ,"Cincinnati, OH",82,132,107,,,,,,,,,
Data Scientist SR,$85K-$139K  ,"Charlottesville, VA",85,139,112,,,,,,,,,
Data Scientist,$72K-$121K  ,"Washington, DC",72,121,96.5,,,,,,,,,
"Scientist, Bacteriology",$74K-$149K  ,"Concord, CA",74,149,111.5,,,,,,,,,
"Associate Director, Platform and DevOps- Data Engineering and Aritifical Intelligence",$113K-$196K  ,"Cambridge, MA",113,196,154.5,,,,,,,,,
Data Scientist,$69K-$121K  ,"New York, NY",69,121,95,,,,,,,,,
Data Scientist,$71K-$124K  ,"New York, NY",71,124,97.5,,,,,,,,,
Senior Data Scientist,$97K-$160K  ,"Chicago, IL",97,160,128.5,,,,,,,,,
Senior Research Scientist-Machine Learning,$81K-$167K  ,"Pittsburgh, PA",81,167,124,,,,,,,,,
Principal Data Scientist,$150K-$238K  ,"San Francisco, CA",150,238,194,,,,,,,,,
Clinical Laboratory Scientist,$24-$39   ,"Vail, CO",24,39,31.5,,,,,,,,,
Data Analyst 1,$35K-$65K  ,"Salt Lake City, UT",35,65,50,,,,,,,,,
Data Scientist,$77K-$132K  ,"New York, NY",77,132,104.5,,,,,,,,,
Data Scientist,$51K-$88K  ,"Phoenix, AZ",51,88,69.5,,,,,,,,,
Data Scientist,$101K-$141K  ,"Irvine, CA",101,141,121,,,,,,,,,
Data Engineer - Consultant (Charlotte Based),$59K-$112K  ,"Charlotte, NC",59,112,85.5,,,,,,,,,
Data Engineer,$79K-$147K  ,"Aliso Viejo, CA",79,147,113,,,,,,,,,
Data Scientist (Warehouse Automation),$79K-$127K  ,"San Francisco, CA",79,127,103,,,,,,,,,
"Scientist, Immuno-Oncology",$62K-$119K  ,"Cambridge, MA",62,119,90.5,,,,,,,,,
Senior Data Scientist,$119K-$187K  ,"Los Angeles, CA",119,187,153,,,,,,,,,
Jr. Data Scientist,$81K-$132K  ,"McLean, VA",81,132,106.5,,,,,,,,,
Senior Data Scientist,$120K-$140K,"Ann Arbor, MI",120,140,130,,,,,,,,,
Products Data Analyst II,$90K-$157K  ,"Dublin, CA",90,157,123.5,,,,,,,,,
Data Architect / Data Modeler,$63K-$110K  ,"New York, NY",63,110,86.5,,,,,,,,,
Analytics Manager - Data Mart,$42K-$86K  ,"Scotts Valley, CA",42,86,64,,,,,,,,,
Lead Data Analyst,$32K-$62K  ,"New York, NY",32,62,47,,,,,,,,,
Data Science Engineer - Mobile,$116K-$208K  ,"San Jose, CA",116,208,162,,,,,,,,,
Senior Data Scientist Oncology,$107K-$173K  ,"Gaithersburg, MD",107,173,140,,,,,,,,,
Data Scientist,$65K-$113K  ,"Olympia, WA",65,113,89,,,,,,,,,
Sr. Data Engineer - Contract-to-Hire (Java),$69K-$127K  ,"Knoxville, TN",69,127,98,,,,,,,,,
Senior Data Scientist - R&D Oncology,$102K-$172K  ,"New York, NY",102,172,137,,,,,,,,,
Data Engineer,$74K-$124K  ,"Denver, CO",74,124,99,,,,,,,,,
Food Scientist - Developer,$40K-$68K  ,"Milwaukee, WI",40,68,54,,,,,,,,,
Senior Data Engineer,$76K-$142K  ,"Franklin, TN",76,142,109,,,,,,,,,
Data Engineer,$76K-$142K  ,"Rockville, MD",76,142,109,,,,,,,,,
Senior Data Scientist,$108K-$171K  ,"Natick, MA",108,171,139.5,,,,,,,,,
"Director II, Data Science - GRM Actuarial",$202K-$306K  ,"Chicago, IL",202,306,254,,,,,,,,,
Machine Learning Engineer,$91K-$159K  ,"New York, NY",91,159,125,,,,,,,,,
"Sr Expert Data Science, Advanced Visual Analytics (Associate level)",$80K-$133K  ,"Cambridge, MA",80,133,106.5,,,,,,,,,
MED TECH/LAB SCIENTIST- SOUTH COASTAL LAB,$21-$34   ,"Millville, DE",21,34,27.5,,,,,,,,,
"Scientist, Molecular/Cellular Biologist",$49K-$97K  ,"South San Francisco, CA",49,97,73,,,,,,,,,
Staff Scientist-Downstream Process Development,$49K-$113K  ,"Rockville, MD",49,113,81,,,,,,,,,
Data Scientist,$96K-$161K  ,"Philadelphia, PA",96,161,128.5,,,,,,,,,
Scientist - Analytical Services,$65K-$134K  ,"Winston-Salem, NC",65,134,99.5,,,,,,,,,
"Associate Scientist / Sr. Associate Scientist, Antibody Discovery",$59K-$125K  ,"South San Francisco, CA",59,125,92,,,,,,,,,
Associate Data Analyst- Graduate Development Program,$32K-$59K  ,"Richfield, OH",32,59,45.5,,,,,,,,,
Sr. Data Engineer,$87K-$158K  ,"Indianapolis, IN",87,158,122.5,,,,,,,,,
Clinical Data Analyst,$27K-$48K  ,"Tampa, FL",27,48,37.5,,,,,,,,,
IT Associate Data Analyst,$39K-$69K  ,"Worcester, MA",39,69,54,,,,,,,,,
Business Data Analyst,$36K-$71K  ,"New York, NY",36,71,53.5,,,,,,,,,
Senior Insurance Data Scientist,$107K-$173K  ,"Chicago, IL",107,173,140,,,,,,,,,
Senior Data Science Systems Engineer,$56K-$99K  ,"Hampton, VA",56,99,77.5,,,,,,,,,
ENVIRONMENTAL ENGINEER/SCIENTIST,$25K-$28K,"Cambridge, MA",25,28,26.5,,,,,,,,,
Senior Scientist - Regulatory Submissions,$80K-$155K  ,"Winston-Salem, NC",80,155,117.5,,,,,,,,,
Scientist - Biomarker and Flow Cytometry,$43K-$98K  ,"San Diego, CA",43,98,70.5,,,,,,,,,
Revenue Analytics Manager,$45K-$78K  ,"San Francisco, CA",45,78,61.5,,,,,,,,,
Sr. Scientist Method Development,$50K-$110K  ,"Marietta, GA",50,110,80,,,,,,,,,
"Associate Scientist, LC/MS Biologics",$44K-$96K  ,"Ithaca, NY",44,96,70,,,,,,,,,
"Research Scientist, Immunology - Cancer Biology",$100K-$140K,"Cambridge, MA",100,140,120,,,,,,,,,
IT - Data Engineer II,$61K-$119K  ,"Quincy, MA",61,119,90,,,,,,,,,
Machine Learning Engineer (NLP),$80K-$142K  ,"Palo Alto, CA",80,142,111,,,,,,,,,
Senior Data Analyst,$99K-$178K  ,"San Francisco, CA",99,178,138.5,,,,,,,,,
Data Science Project Manager,$37K-$100K  ,"Boston, MA",37,100,68.5,,,,,,,,,
Data Engineer,$62K-$113K  ,"San Francisco, CA",62,113,87.5,,,,,,,,,
"Principal, Data Science - Advanced Analytics",$86K-$137K  ,"Plymouth Meeting, PA",86,137,111.5,,,,,,,,,
"Sr Scientist, Immuno-Oncology - Oncology",$58K-$111K  ,"Cambridge, MA",58,111,84.5,,,,,,,,,
Senior Data Engineer,$72K-$133K  ,"Nashville, TN",72,133,102.5,,,,,,,,,
"Project Scientist - Auton Lab, Robotics Institute",$56K-$91K  ,"Pittsburgh, PA",56,91,73.5,,,,,,,,,
Data Science Manager,$95K-$160K  ,"Allentown, PA",95,160,127.5,,,,,,,,,
Research Scientist – Security and Privacy,$61K-$126K  ,"Beavercreek, OH",61,126,93.5,,,,,,,,,
BI Analyst,$99K-$178K ,"San Francisco, CA",99,178,138.5,,,,,,,,,
"Senior Software Engineer, Python",$37K-$100K ,"Boston, MA",37,100,68.5,,,,,,,,,
Frontend Engineer,$62K-$113K ,"San Francisco, CA",62,113,87.5,,,,,,,,,
Backend Engineer,$86K-$137K ,"Plymouth Meeting, PA",86,137,111.5,,,,,,,,,
Frontend Developer (JavaScript + React),$58K-$111K ,"Cambridge, MA",58,111,84.5,,,,,,,,,
Senior Full Stack Developer,$72K-$133K ,"Nashville, TN",72,133,102.5,,,,,,,,,
Next.js/React Developer,$56K-$91K ,"Pittsburgh, PA",56,91,73.5,,,,,,,,,
"Fullstack Developer (React, React Native, Node.js) - Remote",$95K-$160K ,"Allentown, PA",95,160,127.5,,,,,,,,,
iOS Developer,$61K-$126K ,"Beavercreek, OH",61,126,93.5,,,,,,,,,
Embedded Firmware Developer (m/f/x),$45K-$85K ,"Chicago, IL",45,85,65,,,,,,,,,
Frontend Engineering Manager,$78K-$135K ,"Los Angeles, CA",78,135,106.5,,,,,,,,,
Senior Java Developer,$53K-$102K ,"Portland, OR",53,102,77.5,,,,,,,,,
Freelance TIBCO Developer,$66K-$124K ,"Miami, FL",66,124,95,,,,,,,,,
Technical Advocate,$42K-$76K ,"Denver, CO",42,76,59,,,,,,,,,
Technical Advocate - Migration Specialist,$70K-$120K ,"Austin, TX",70,120,95,,,,,,,,,
Full Stack Engineer,$55K-$98K ,"Seattle, WA",55,98,76.5,,,,,,,,,
"Senior Software Engineer - Front-end, Typescript",$62K-$110K ,"New York, NY",62,110,86,,,,,,,,,
"Senior Software Engineer - DevTools, Open Source, Python",$49K-$92K ,"Atlanta, GA",49,92,70.5,,,,,,,,,
Senior Front-end Developer,$85K-$142K ,"Houston, TX",85,142,113.5,,,,,,,,,
Senior Solidity Developer,$58K-$105K ,"Phoenix, AZ",58,105,81.5,,,,,,,,,
Senior Frontend Engineer (f/m/d),$68K-$123K ,"Raleigh, NC",68,123,95.5,,,,,,,,,
Flutter Developer,$47K-$86K ,"Dallas, TX",47,86,66.5,,,,,,,,,
Laravel PHP Backend Engineer,$75K-$138K ,"Minneapolis, MN",75,138,106.5,,,,,,,,,
Software Engineer - Customer Solutions,$59K-$102K ,"Philadelphia, PA",59,102,80.5,,,,,,,,,
DevOps Engineer,$43K-$77K ,"Charlotte, NC",43,77,60,,,,,,,,,
DevOps Engineer,$93K-$157K ,"San Diego, CA",93,157,125,,,,,,,,,
Information Security Engineer,$41K-$82K ,"Orlando, FL",41,82,61.5,,,,,,,,,
DevOps Engineer (f/m/d),$64K-$120K ,"Detroit, MI",64,120,92,,,,,,,,,
DevOps Engineer M/F/X,$51K-$93K ,"Salt Lake City, UT",51,93,72,,,,,,,,,
Application Security Engineer - Mobile,$77K-$136K ,"Tampa, FL",77,136,106.5,,,,,,,,,
Gradle Build Tool â€” Application Security Engineer,$54K-$101K ,"San Jose, CA",54,101,77.5,,,,,,,,,
Software Engineer - Wolfram Cloud,$60K-$112K ,"Indianapolis, IN",60,112,86,,,,,,,,,
Sr. DevOps Engineer,$46K-$88K,"Columbus, OH",46,88,67,,,,,,,,,
Information Security Analyst,$71K-$129K ,"New Orleans, LA",71,129,100,,,,,,,,,
Junior DevOps Engineer,$52K-$94K ,"Nashua, NH",52,94,73,,,,,,,,,
Security Advisor,$89K-$145K ,"Richmond, VA",89,145,117,,,,,,,,,
Sr. DevOps Engineer,$48K-$87K ,"St. Louis, MO",48,87,67.5,,,,,,,,,
Database Reliability Engineer,$63K-$118K ,"Cincinnati, OH",63,118,90.5,,,,,,,,,
Application Security Engineer,$74K-$134K ,"Seattle, WA",74,134,104,,,,,,,,,
Senior Site Reliability Engineer,$57K-$108K ,"Pittsburgh, PA",57,108,82.5,,,,,,,,,
Customer Reliability Engineer,$69K-$127K ,"Sacramento, CA",69,127,98,,,,,,,,,
Information Security Engineer,$50K-$95K ,"Albuquerque, NM",50,95,72.5,,,,,,,,,
"Offensive Security Engineer - Blockchain, DeFi",$82K-$140K,"Denver, CO",82,140,111,,,,,,,,,
Senior Business Systems Manager,$53K-$103K,"Boise, ID",53,103,78,,,,,,,,,
Senior DevOps Engineer,$65K-$122K ,"Milwaukee, WI",65,122,93.5,,,,,,,,,
Cloud Engineering Manager,$44K-$80K ,"Kansas City, MO",44,80,62,,,,,,,,,
Cloud Architect (AWS) - Kunai client,$76K-$135K ,"Charlotte, NC",76,135,105.5,,,,,,,,,
Security Controls Analyst,$61K-$116K ,"Tucson, AZ",61,116,88.5,,,,,,,,,
Benefits Administration - Systems Specialist,$47K-$89K,"Omaha, NE",47,89,68,,,,,,,,,
US Rater,$70K-$128K ,"Grand Rapids, MI",70,128,99,,,,,,,,,
Data Engineer (SQL),$56K-$104K ,"Hartford, CT",56,104,80,,,,,,,,,
Data Researcher & Annotator - Healthcare,$83K-$139K ,"Baltimore, MD",83,139,111,,,,,,,,,
Data Marketing Expert,$59K-$110K ,"Rochester, NY",59,110,84.5,,,,,,,,,
Data Engineer Manager,$68K-$124K ,"Des Moines, IA",68,124,96,,,,,,,,,
Data Scientist,$45K-$83K ,"Anchorage, AK",45,83,64,,,,,,,,,
Healthcare Data Scientist,$78K-$136K ,"Las Vegas, NV",78,136,107,,,,,,,,,
Database Administrator,$51K-$97K ,"Charleston, SC",51,97,74,,,,,,,,,
"Senior Associate, Data Science",$72K-$130K ,"Santa Fe, NM",72,130,101,,,,,,,,,
Epic Data Engineer,$42K-$79K ,"Bozeman, MT",42,79,60.5,,,,,,,,,
IT Data Analyst,$75K-$134K ,"Cheyenne, WY",75,134,104.5,,,,,,,,,
Head of Data Analytics,$55K-$101K ,"Burlington, VT",55,101,78,,,,,,,,,
Data Architect,$67K-$126K,"Knoxville, TN",67,126,96.5,,,,,,,,,
Data Platform Lead,$49K-$91K ,"Asheville, NC",49,91,70,,,,,,,,,
Database Developer,$74K-$132K ,"Spokane, WA",74,132,103,,,,,,,,,
Data Engineer - Geospatial,$60K-$113K ,"Palm Springs, CA",60,113,86.5,,,,,,,,,
Senior Data Analyst,$46K-$86K ,"Birmingham, AL",46,86,66,,,,,,,,,
Senior Development Data Security Operations,$81K-$138K ,"Savannah, GA",81,138,109.5,,,,,,,,,
Data Engineer (video games),$48K-$90K ,"Pensacola, FL",48,90,69,,,,,,,,,
Data Scientist,$73K-$131K,"Eugene, OR",73,131,102,,,,,,,,,
Data Science Product Manager,$64K-$119K ,"Boulder, CO",64,64,64,,,,,,,,,
Data Analyst,$54K-$100K ,"San Antonio, TX",54,100,77,,,,,,,,,
Data Engineer,$70K-$128K ,"Boise, ID",70,128,99,,,,,,,,,
"Technical Data Analyst, Peacock",$58K-$107K ,"Madison, WI",58,107,82.5,,,,,,,,,
Sr. Data Engineer,$67K-$126K,"Baltimore, MD",67,126,96.5,,,,,,,,,
